enginesize,price
130,13495.0
130,16500.0
152,16500.0
109,13950.0
136,17450.0
136,15250.0
136,17710.0
136,18920.0
131,23875.0
131,17859.167
108,16430.0
108,16925.0
164,20970.0
164,21105.0
164,24565.0
209,30760.0
209,41315.0
209,36880.0
61,5151.0
90,6295.0
90,6575.0
90,5572.0
90,6377.0
98,7957.0
90,6229.0
90,6692.0
90,7609.0
98,8558.0
122,8921.0
156,12964.0
92,6479.0
92,6855.0
79,5399.0
92,6529.0
92,7129.0
92,7295.0
92,7295.0
110,7895.0
110,9095.0
110,8845.0
110,10295.0
110,12945.0
110,10345.0
111,6785.0
90,8916.5
90,8916.5
119,11048.0
258,32250.0
258,35550.0
326,36000.0
91,5195.0
91,6095.0
91,6795.0
91,6695.0
91,7395.0
70,10945.0
70,11845.0
70,13645.0
80,15645.0
122,8845.0
122,8495.0
122,10595.0
122,10245.0
122,10795.0
122,11245.0
140,18280.0
134,18344.0
183,25552.0
183,28248.0
183,28176.0
183,31600.0
234,34184.0
234,35056.0
308,40960.0
304,45400.0
140,16503.0
92,5389.0
92,6189.0
92,6669.0
98,7689.0
110,9959.0
122,8499.0
156,12629.0
156,14869.0
156,14489.0
122,6989.0
122,8189.0
110,9279.0
110,9279.0
97,5499.0
103,7099.0
97,6649.0
97,6849.0
97,7349.0
97,7299.0
97,7799.0
97,7499.0
97,7999.0
97,8249.0
120,8949.0
120,9549.0
181,13499.0
181,14399.0
181,13499.0
181,17199.0
181,19699.0
181,18399.0
120,11900.0
152,13200.0
120,12440.0
152,13860.0
120,15580.0
152,16900.0
120,16695.0
152,17075.0
120,16630.0
152,17950.0
134,18150.0
90,5572.0
98,7957.0
90,6229.0
90,6692.0
98,7609.0
122,8921.0
156,12764.0
151,22018.0
194,32528.0
194,34028.0
194,37028.0
203,31400.5
132,9295.0
132,9895.0
121,11850.0
121,12170.0
121,15040.0
121,15510.0
121,18150.0
121,18620.0
97,5118.0
108,7053.0
108,7603.0
108,7126.0
108,7775.0
108,9960.0
108,9233.0
108,11259.0
108,7463.0
108,10198.0
108,8013.0
108,11694.0
92,5348.0
92,6338.0
92,6488.0
92,6918.0
92,7898.0
92,8778.0
98,6938.0
98,7198.0
110,7898.0
110,7788.0
98,7738.0
98,8358.0
98,9258.0
98,8058.0
98,8238.0
98,9298.0
98,9538.0
146,8449.0
146,9639.0
146,9989.0
146,11199.0
146,11549.0
146,17669.0
122,8948.0
110,10698.0
122,9988.0
122,10898.0
122,11248.0
171,16558.0
171,15998.0
171,15690.0
161,15750.0
97,7775.0
109,7975.0
97,7995.0
109,8195.0
109,8495.0
97,9495.0
109,9995.0
109,11595.0
109,9980.0
136,13295.0
97,13845.0
109,12290.0
141,12940.0
141,13415.0
141,15985.0
141,16515.0
130,18420.0
130,18950.0
141,16845.0
141,19045.0
173,21485.0
145,22470.0
141,22625.0
